{"viewdir": [17.72626947144394, 5.540204813807154, 1.8375427699811204], "xyz": [393797.3785, 6694756.62, 767.029], "sensorsz": [35.9, 24.0], "fmm": [28.62967928723712, 29.58149870674715], "cmm": [0.6571458635406112, -1.9781429644505446], "p": [-0.06759253110006808, -0.033244815878329566], "k": [-0.3194655388158997, 0.38396708938134405, -0.3529293830815195, 0.0, 0.0, 0.0], "imgsz": [7360.0, 4912.0], "f": [5869.4829959349645, 6054.3467353142505]}