{"xyz": [0.0, 0.0, 0.0], "viewdir": [0.0, 0.0, 0.0], "imgsz": [7360.0, 4912.0], "f": [6964.997100944191, 7103.43252833381], "c": [3294.0452379160106, 734.1313960160716], "k": [-0.3194655388158997, 0.38396708938134405, -0.3529293830815195, 0.0, 0.0, 0.0], "p": [-0.01376999388645884, 0.00688653187949284]}