 {"xyz": [0.0, 0.0, 0.0],
"viewdir": [0.0, 0.0, 0.0],
"imgsz": [7360.0, 4912.0],
"f": [5757.543953061841, 5742.414364270769],
"c": [3725.802596415393, 2339.7830343465903],
"k": [-0.14030939930872802, -0.5704095032139925, 1.0550096914867426, 0.0, 0.0, 0.0],
"p": [0.0022282191041214697, 0.0035984685843007116]}

