{
    "xyz": [392875.681,6696842.62 ,1403.860],
    "viewdir": [105.979, -8.5632,3.2933],
    "imgsz": [4912, 7360.0],
    "f": [6987.67163, 7150.72943],
    "c": [3301.16,722.947],
    "k": [-0.32039448,  0.40169658, -0.37496435, 0.0, 0.0, 0.0],
    "p": [-0.01550738 , 0.00687472],
    "sensorsz": [35.9, 24],
    "fmm": [27.999,27.999],
    "cmm": [3.5, 15.96]
}
